<?xml version="1.0" encoding="UTF-8"?><notifyCorporateFinancialTransactionRequest xmlns:ns="http://www.sc.com/SCBML-1" xmlns:tns="http://schema.ebbs.scb/RTA/">
    <ns:header>
        <ns:messageDetails>
            <ns:messageVersion>1.0</ns:messageVersion>
            <ns:messageType>
                <ns:typeName>CoreBanking:TransactionAlert</ns:typeName>
                <ns:subType>
                    <ns:subTypeName>notifyCorporateFinancialTransaction</ns:subTypeName>
                </ns:subType>
            </ns:messageType>
        </ns:messageDetails>
        <ns:originationDetails>
            <ns:messageSender>
                <ns:messageSender>eBBS</ns:messageSender>
                <ns:senderDomain>
                    <ns:domainName>CoreBanking</ns:domainName>
                    <ns:subDomainName subdomainNameScheme="">
                        <ns:subDomainType/>
                    </ns:subDomainName>
                </ns:senderDomain>
                <ns:countryCode>IN</ns:countryCode>
            </ns:messageSender>
            <ns:initiatedTimestamp>2018-03-21T02:04:28.401+05:30</ns:initiatedTimestamp>
            <ns:trackingId>201803130028415</ns:trackingId>
            <ns:correlationID>3424</ns:correlationID>
            <ns:encoding>utf-8</ns:encoding>
            <ns:possibleDuplicate>false</ns:possibleDuplicate>
        </ns:originationDetails>
        <ns:captureSystem/>
        <ns:process>
            <ns:processName>notifyCorporateFinancialTransaction</ns:processName>
            <ns:eventType>notify</ns:eventType>
        </ns:process>
        <ns:metadata>
            <ns:tag>
                <ns:key/>
            </ns:tag>
        </ns:metadata>
    </ns:header>
    <ns:notifyCorporateFinancialTransactionReqPayload>
        <ns:payloadFormat/>
        <ns:payloadVersion/>
        <tns:notifyCorporateFinancialTransactionReq>
            <tns:TransactionDetails>
                <tns:TransactionEntry>
                    <tns:TransactionBranch>367</tns:TransactionBranch>
                    <tns:ChannelID>0008</tns:ChannelID>
                    <tns:BatchEntryDate>2018-03-21T00:00:00.000+05:30</tns:BatchEntryDate>
                    <tns:BatchNo>5648138</tns:BatchNo>
                    <tns:SeqNo>00002</tns:SeqNo>
                    <tns:Account>
                        <tns:CurrencyCode>INR</tns:CurrencyCode>
                        <tns:AccountNo>22205269504</tns:AccountNo>
                        <tns:ShortName>SERVICES LIMITED</tns:ShortName>
                        <tns:AcctCategory>N</tns:AcctCategory>
                    </tns:Account>
                    <tns:AccountBranch>522</tns:AccountBranch>
                    <tns:TrnCode>
                        <tns:Code>896</tns:Code>
                        <tns:Desc>STS Book Transfer- Debit</tns:Desc>
                    </tns:TrnCode>
                    <tns:TrnTypecode>OPL</tns:TrnTypecode>
                    <tns:TrnAmount>3215</tns:TrnAmount>
                    <tns:CreditDebitFlag>D</tns:CreditDebitFlag>
                    <tns:ValueDate>2018-03-21T00:00:00.000+05:30</tns:ValueDate>
                    <tns:ErrorAccountFlag>N</tns:ErrorAccountFlag>
                    <tns:VirtualAccountNo>INGO11111117</tns:VirtualAccountNo>
                    <tns:Narrations>
                        <tns:Narration1>SIN02908Q0584004-00001</tns:Narration1>
                        <tns:Narration2>11111117</tns:Narration2>
                        <tns:Narration3>Test IT2</tns:Narration3>
                        <tns:Narration4>STSTest IT2</tns:Narration4>
                    </tns:Narrations>
                    <tns:ExtendedNarrations>
                        <tns:Narration1/>
                    </tns:ExtendedNarrations>
                    <tns:ProductCode>149</tns:ProductCode>
                    <tns:SegmentCode>20</tns:SegmentCode>
                    <tns:MasterNo>2544093</tns:MasterNo>
                    <tns:GLDeptID>5123</tns:GLDeptID>
                    <tns:CustomerRate>1.000000000</tns:CustomerRate>
                    <tns:LCYEquivalent>95704.47</tns:LCYEquivalent>
                    <tns:SysGenFlag>N</tns:SysGenFlag>
                    <tns:ForcePostFlag>Y</tns:ForcePostFlag>
                    <tns:AppInsFlag>N</tns:AppInsFlag>
                    <tns:FinancialTrnflag>Y</tns:FinancialTrnflag>
                    <tns:IntAcEntryFlag>N</tns:IntAcEntryFlag>
                    <tns:AdvTreasuryFlag>N</tns:AdvTreasuryFlag>
                    <tns:MakerDetails>
                        <tns:ID>SYSTEM</tns:ID>
                        <tns:Branch>367</tns:Branch>
                        <tns:Date>2018-03-21T00:00:00.000+05:30</tns:Date>
                        <tns:Time>02:04:28.000+05:30</tns:Time>
                    </tns:MakerDetails>
                    <tns:CheckerDetails>
                        <tns:ID>SYSTEM</tns:ID>
                        <tns:Branch>367</tns:Branch>
                        <tns:Date>2018-03-21T00:00:00.000+05:30</tns:Date>
                        <tns:Time>02:04:28.000+05:30</tns:Time>
                    </tns:CheckerDetails>
                    <tns:ApproverDetails>
                        <tns:ID>SYSTEM</tns:ID>
                        <tns:Branch>367</tns:Branch>
                        <tns:Date>2018-03-21T00:00:00.000+05:30</tns:Date>
                        <tns:Time>02:04:28.000+05:30</tns:Time>
                    </tns:ApproverDetails>
                    <tns:Statusflag>57</tns:Statusflag>
                    <tns:SysEntryFlag>N</tns:SysEntryFlag>
                    <tns:Reversalflag>N</tns:Reversalflag>
                    <tns:TrnReference>
                        <tns:CurrencyCode>INR</tns:CurrencyCode>
                        <tns:AccountNo>22205269504</tns:AccountNo>
                    </tns:TrnReference>
                    <tns:ExternalSystemKey>SB36701803130046_OPL_MTN_D_002</tns:ExternalSystemKey>
                    <tns:ApprvSeqno>201803658028488</tns:ApprvSeqno>
                    <tns:PALProdInd/>
                    <tns:BalanceDetails>
                        <tns:Ledger>365666752.45</tns:Ledger>
                        <tns:AvailableWithOutLimit>365620978.45</tns:AvailableWithOutLimit>
                        <tns:AvailableWithAccountLimit>365620978.45</tns:AvailableWithAccountLimit>
                        <tns:AvailableWithLimit>365620978.45</tns:AvailableWithLimit>
                        <tns:AvailableWithIntradayLimit>365620978.45</tns:AvailableWithIntradayLimit>
                        <tns:AvailableWithDAUELimit>365620978.45</tns:AvailableWithDAUELimit>
                        <tns:AvailableWithCODLimit>365620978.45</tns:AvailableWithCODLimit>
                        <tns:TotalUnclearedEffects>45774.00</tns:TotalUnclearedEffects>
                    </tns:BalanceDetails>
                    <tns:TransactionLimit/>
                    <tns:RelDetails>
                        <tns:RelationshipNo>1199385223780939</tns:RelationshipNo>
                        <tns:PrefCardName>SERVICES LIMITED</tns:PrefCardName>
                        <tns:RelContactDetails>
                            <tns:contact>
                                <tns:ContactTypeCode>EMO</tns:ContactTypeCode>
                                <tns:Contact>sraghavan@aaa.com</tns:Contact>
                            </tns:contact>
                            <tns:contact>
                                <tns:ContactTypeCode>MO1</tns:ContactTypeCode>
                                <tns:Contact>09833892841</tns:Contact>
                            </tns:contact>
                            <tns:contact>
                                <tns:ContactTypeCode>OT1</tns:ContactTypeCode>
                                <tns:Contact>02233010820</tns:Contact>
                            </tns:contact>
                            <tns:contact>
                                <tns:ContactTypeCode>EM1</tns:ContactTypeCode>
                                <tns:Contact>RKALSEKAR@aaa.COM</tns:Contact>
                            </tns:contact>
                            <tns:contact>
                                <tns:ContactTypeCode>EM2</tns:ContactTypeCode>
                                <tns:Contact>GPRADHAN@aaa.COM</tns:Contact>
                            </tns:contact>
                            <tns:contact>
                                <tns:ContactTypeCode>EM3</tns:ContactTypeCode>
                                <tns:Contact>RSHARMA@aaa.COM</tns:Contact>
                            </tns:contact>
                        </tns:RelContactDetails>
                    </tns:RelDetails>
                    <tns:SwiftAddress>SCBLINBBXXX</tns:SwiftAddress>
                    <tns:CurrencyNo>16</tns:CurrencyNo>
                    <tns:LinkedAccounts/>
                    <tns:Paydtl>
                        <tns:SenderRefno>SB36701xxx130046</tns:SenderRefno>
                        <tns:Buycurrency>INR</tns:Buycurrency>
                        <tns:SellCurrency>INR</tns:SellCurrency>
                        <tns:BuyAmount>0.00</tns:BuyAmount>
                        <tns:SellAmount>0.00</tns:SellAmount>
                        <tns:ODTrnAmount>95704.47</tns:ODTrnAmount>
                        <tns:RemitAmount>95704.47</tns:RemitAmount>
                        <tns:RemitCurrency>INR</tns:RemitCurrency>
                        <tns:SenderRefNo2/>
                        <tns:SendingInstName/>
                        <tns:RelatedRefno>SB36xxx30046</tns:RelatedRefno>
                    </tns:Paydtl>
                </tns:TransactionEntry>
            </tns:TransactionDetails>
        </tns:notifyCorporateFinancialTransactionReq>
    </ns:notifyCorporateFinancialTransactionReqPayload>
</notifyCorporateFinancialTransactionRequest>