<?xml version="1.0" encoding="UTF-8"?><notifyInternalAccountsTransactionRequest xmlns:ns="http://www.sc.com/SCBML-1" xmlns:tns="http://schema.ebbs.scb/RTA/">
    <ns:header>
        <ns:messageDetails>
            <ns:messageVersion>1.0</ns:messageVersion>
            <ns:messageType>
                <ns:typeName>CoreBanking:TransactionAlert</ns:typeName>
                <ns:subType>
                    <ns:subTypeName>notifyInternalAccountsTransaction</ns:subTypeName>
                </ns:subType>
            </ns:messageType>
        </ns:messageDetails>
        <ns:originationDetails>
            <ns:messageSender>
                <ns:messageSender>eBBS</ns:messageSender>
                <ns:senderDomain>
                    <ns:domainName>CoreBanking</ns:domainName>
                    <ns:subDomainName subdomainNameScheme="">
                        <ns:subDomainType/>
                    </ns:subDomainName>
                </ns:senderDomain>
                <ns:countryCode>IN</ns:countryCode>
            </ns:messageSender>
            <ns:initiatedTimestamp>2018-03-21T02:04:29.675+05:30</ns:initiatedTimestamp>
            <ns:trackingId>201803130028468</ns:trackingId>
            <ns:correlationID>5656</ns:correlationID>
            <ns:encoding>utf-8</ns:encoding>
            <ns:possibleDuplicate>false</ns:possibleDuplicate>
        </ns:originationDetails>
        <ns:captureSystem/>
        <ns:process>
            <ns:processName>notifyInternalAccountsTransaction</ns:processName>
            <ns:eventType>notify</ns:eventType>
        </ns:process>
        <ns:metadata>
            <ns:tag>
                <ns:key/>
            </ns:tag>
        </ns:metadata>
    </ns:header>
    <ns:notifyInternalAccountsTransactionReqPayload>
        <ns:payloadFormat/>
        <ns:payloadVersion/>
        <tns:notifyInternalAccountsTransactionReq>
            <tns:TransactionDetails>
                <tns:TransactionEntry>
                    <tns:TransactionBranch>367</tns:TransactionBranch>
                    <tns:ChannelID>0008</tns:ChannelID>
                    <tns:BatchEntryDate>2018-03-21T00:00:00.000+05:30</tns:BatchEntryDate>
                    <tns:BatchNo>5648162</tns:BatchNo>
                    <tns:SeqNo>00001</tns:SeqNo>
                    <tns:Account>
                        <tns:CurrencyCode>INR</tns:CurrencyCode>
                        <tns:AccountNo>22205269504</tns:AccountNo>
                        <tns:ShortName>DELIVERY</tns:ShortName>
                        <tns:AcctCategory>N</tns:AcctCategory>
                    </tns:Account>
                    <tns:AccountBranch>222</tns:AccountBranch>
                    <tns:TrnCode>
                        <tns:Code>796</tns:Code>
                        <tns:Desc>STS Book Transfer- Credit</tns:Desc>
                    </tns:TrnCode>
                    <tns:TrnTypecode>OPL</tns:TrnTypecode>
                    <tns:TrnAmount>2355</tns:TrnAmount>
                    <tns:CreditDebitFlag>C</tns:CreditDebitFlag>
                    <tns:ValueDate>2018-03-21T00:00:00.000+05:30</tns:ValueDate>
                    <tns:ErrorAccountFlag>N</tns:ErrorAccountFlag>
                    <tns:Narrations>
                        <tns:Narration1>SIN02908Q0584004-00001</tns:Narration1>
                        <tns:Narration2>11111117</tns:Narration2>
                        <tns:Narration3>Test IT2</tns:Narration3>
                        <tns:Narration4>STSTest IT2</tns:Narration4>
                    </tns:Narrations>
                    <tns:ExtendedNarrations>
                        <tns:Narration1/>
                        <tns:Narration2>990014012345</tns:Narration2>
                        <tns:Narration3>VA</tns:Narration3>
                        <tns:Narration4>S2B</tns:Narration4>
                    </tns:ExtendedNarrations>
                    <tns:ProductCode>743</tns:ProductCode>
                    <tns:SegmentCode>32</tns:SegmentCode>
                    <tns:MasterNo>0312578</tns:MasterNo>
                    <tns:GLDeptID>5183</tns:GLDeptID>
                    <tns:CustomerRate>1.000000000</tns:CustomerRate>
                    <tns:LCYEquivalent>200000.00</tns:LCYEquivalent>
                    <tns:SysGenFlag>N</tns:SysGenFlag>
                    <tns:ForcePostFlag>N</tns:ForcePostFlag>
                    <tns:AppInsFlag>Y</tns:AppInsFlag>
                    <tns:FinancialTrnflag>Y</tns:FinancialTrnflag>
                    <tns:IntAcEntryFlag>Y</tns:IntAcEntryFlag>
                    <tns:AdvTreasuryFlag>N</tns:AdvTreasuryFlag>
                    <tns:MakerDetails>
                        <tns:ID>SYSTEM</tns:ID>
                        <tns:Branch>367</tns:Branch>
                        <tns:Date>2018-03-21T00:00:00.000+05:30</tns:Date>
                        <tns:Time>02:04:29.000+05:30</tns:Time>
                    </tns:MakerDetails>
                    <tns:CheckerDetails>
                        <tns:ID>SYSTEM</tns:ID>
                        <tns:Branch>367</tns:Branch>
                        <tns:Date>2018-03-21T00:00:00.000+05:30</tns:Date>
                        <tns:Time>02:04:29.000+05:30</tns:Time>
                    </tns:CheckerDetails>
                    <tns:ApproverDetails>
                        <tns:ID>SYSTEM</tns:ID>
                        <tns:Branch>367</tns:Branch>
                        <tns:Date>2018-03-21T00:00:00.000+05:30</tns:Date>
                        <tns:Time>02:04:29.000+05:30</tns:Time>
                    </tns:ApproverDetails>
                    <tns:Statusflag>57</tns:Statusflag>
                    <tns:SysEntryFlag>N</tns:SysEntryFlag>
                    <tns:Reversalflag>N</tns:Reversalflag>
                    <tns:TrnReference>
                        <tns:CurrencyCode>INR</tns:CurrencyCode>
                        <tns:AccountNo>22205269504</tns:AccountNo>
                    </tns:TrnReference>
                    <tns:ExternalSystemKey>SB36701803130118_OPL_MTN_C_001</tns:ExternalSystemKey>
                    <tns:ApprvSeqno>201855130028539</tns:ApprvSeqno>
                    <tns:PALProdInd/>
                    <tns:VirtualAccountNo>INGO11111117</tns:VirtualAccountNo>
                    <tns:BalanceDetails>
                        <tns:Ledger>62890679.00</tns:Ledger>
                        <tns:AvailableWithOutLimit>62890679.00</tns:AvailableWithOutLimit>
                        <tns:AvailableWithAccountLimit>62890679.00</tns:AvailableWithAccountLimit>
                        <tns:AvailableWithLimit>62890679.00</tns:AvailableWithLimit>
                        <tns:AvailableWithIntradayLimit>62890679.00</tns:AvailableWithIntradayLimit>
                        <tns:AvailableWithDAUELimit>62890679.00</tns:AvailableWithDAUELimit>
                        <tns:AvailableWithCODLimit>62890679.00</tns:AvailableWithCODLimit>
                        <tns:TotalUnclearedEffects>0.00</tns:TotalUnclearedEffects>
                    </tns:BalanceDetails>
                    <tns:TransactionLimit/>
                    <tns:RelDetails>
                        <tns:RelationshipNo>11N2220xx243</tns:RelationshipNo>
                        <tns:PrefCardName>XXXXX</tns:PrefCardName>
                        <tns:RelContactDetails>
                            <tns:contact>
                                <tns:ContactTypeCode>OT1</tns:ContactTypeCode>
                                <tns:Contact>002266101547</tns:Contact>
                            </tns:contact>
                        </tns:RelContactDetails>
                    </tns:RelDetails>
                    <tns:SwiftAddress>SCBLINBBXXX</tns:SwiftAddress>
                    <tns:CurrencyNo>16</tns:CurrencyNo>
                    <tns:LinkedAccounts/>
                    <tns:Paydtl>
                        <tns:SenderRefno>SB367xxx803130118</tns:SenderRefno>
                        <tns:Buycurrency>INR</tns:Buycurrency>
                        <tns:SellCurrency>INR</tns:SellCurrency>
                        <tns:BuyAmount>0.00</tns:BuyAmount>
                        <tns:SellAmount>0.00</tns:SellAmount>
                        <tns:SendingInstitution>SCBLINBBXXX</tns:SendingInstitution>
                        <tns:RemitInfo1>BM2778</tns:RemitInfo1>
                        <tns:RemitInfo3>COMPLEX</tns:RemitInfo3>
                        <tns:ODTrnAmount>200000.00</tns:ODTrnAmount>
                        <tns:RemitAmount>200000.00</tns:RemitAmount>
                        <tns:RemitCurrency>INR</tns:RemitCurrency>
                        <tns:SenderRefNo2/>
                        <tns:SendingInstName/>
                    </tns:Paydtl>
                </tns:TransactionEntry>
            </tns:TransactionDetails>
        </tns:notifyInternalAccountsTransactionReq>
    </ns:notifyInternalAccountsTransactionReqPayload>
</notifyInternalAccountsTransactionRequest>