<?xml version="1.0" encoding="UTF-8"?><notifyCorporateFinancialTransactionRequest xmlns:ns="http://www.sc.com/SCBML-1" xmlns:tns="http://schema.ebbs.scb/RTA/">
    <ns:header>
        <ns:messageDetails>
            <ns:messageVersion>1.0</ns:messageVersion>
            <ns:messageType>
                <ns:typeName>CoreBanking:TransactionAlert</ns:typeName>
                <ns:subType>
                    <ns:subTypeName>notifyCorporateFinancialTransaction</ns:subTypeName>
                </ns:subType>
            </ns:messageType>
        </ns:messageDetails>
        <ns:originationDetails>
            <ns:messageSender>
                <ns:messageSender>EBBS</ns:messageSender>
                <ns:senderDomain>
                    <ns:domainName>CoreBanking</ns:domainName>
                    <ns:subDomainName subdomainNameScheme="">
                        <ns:subDomainType/>
                    </ns:subDomainName>
                </ns:senderDomain>
                <ns:countryCode>${countryCode}</ns:countryCode>
            </ns:messageSender>
            <ns:initiatedTimestamp>2017-06-05T14:53:34.991+05:30</ns:initiatedTimestamp>
            <ns:trackingId>201712362636509</ns:trackingId>
            <ns:correlationID>2514</ns:correlationID>
            <ns:encoding>utf-8</ns:encoding>
            <ns:possibleDuplicate>false</ns:possibleDuplicate>
        </ns:originationDetails>
        <ns:captureSystem/>
        <ns:process>
            <ns:processName>notifyCorporateFinancialTransaction</ns:processName>
            <ns:eventType>notify</ns:eventType>
        </ns:process>
        <ns:metadata>
            <ns:tag>
                <ns:key/>
            </ns:tag>
        </ns:metadata>
    </ns:header>
    <ns:notifyCorporateFinancialTransactionReqPayload>
        <ns:payloadFormat/>
        <ns:payloadVersion/>
        <tns:notifyCorporateFinancialTransactionReq>
            <tns:TransactionDetails>
                <tns:TransactionEntry>
                    <tns:TransactionBranch>101</tns:TransactionBranch>
                    <tns:ChannelID>0081</tns:ChannelID>
                    <tns:BatchEntryDate>2017-09-09T00:00:00.000+05:30</tns:BatchEntryDate>
                    <tns:BatchNo>0119904</tns:BatchNo>
                    <tns:SeqNo>00001</tns:SeqNo>
                    <tns:Account>
                        <tns:CurrencyCode>${currency}</tns:CurrencyCode>
                        <tns:AccountNo>${accountNumber}</tns:AccountNo>
                        <tns:ShortName>SHAHRUKH KHAN SCOPE INTERNATIONAL PVT</tns:ShortName>
                        <tns:AcctCategory>N</tns:AcctCategory>
                    </tns:Account>
                    <tns:AccountBranch>branch</tns:AccountBranch>
                    <tns:TrnCode>
                        <tns:Code>${transactionCode}</tns:Code>
                        <tns:Desc>UPI PAY - SCB Acct to Bene Acct SCB &amp; Non-SCB - DR</tns:Desc>
                    </tns:TrnCode>
                    <tns:TrnTypecode>F77</tns:TrnTypecode>
                    <tns:TrnAmount>${amount}</tns:TrnAmount>
                    <tns:CreditDebitFlag>${transactionType}</tns:CreditDebitFlag>
                    <tns:ValueDate>2017-09-09T00:00:00.000+05:30</tns:ValueDate>
                    <tns:ErrorAccountFlag>N</tns:ErrorAccountFlag>
                    <tns:Narrations>
                        <tns:Narration1>UPI/715615346607/</tns:Narration1>
                        <tns:Narration2>UPI CYCLE 2/SIVAAACHEN@SCBL/</tns:Narration2>
                        <tns:Narration3>75110011017/EMAILSLOWNESS/</tns:Narration3>
                        <tns:Narration4>123-13123-13123</tns:Narration4>
                    </tns:Narrations>
                    <tns:ExtendedNarrations>
                        <tns:Narration1/>
                    </tns:ExtendedNarrations>
                    <tns:ProductCode>100</tns:ProductCode>
                    <tns:SegmentCode>35</tns:SegmentCode>
                    <tns:MasterNo>2850320</tns:MasterNo>
                    <tns:GLDeptID>1531</tns:GLDeptID>
                    <tns:CustomerRate>1.000000000</tns:CustomerRate>
                    <tns:SysGenFlag>N</tns:SysGenFlag>
                    <tns:ForcePostFlag>N</tns:ForcePostFlag>
                    <tns:AppInsFlag>N</tns:AppInsFlag>
                    <tns:FinancialTrnflag>Y</tns:FinancialTrnflag>
                    <tns:IntAcEntryFlag>N</tns:IntAcEntryFlag>
                    <tns:AdvTreasuryFlag>N</tns:AdvTreasuryFlag>
                    <tns:MakerDetails>
                        <tns:ID>SYSTEMS</tns:ID>
                        <tns:Branch>225</tns:Branch>
                        <tns:IPAddress>1.1.1.0</tns:IPAddress>
                        <tns:Date>2017-09-09T00:00:00.000+05:30</tns:Date>
                        <tns:Time>14:53:34.000+05:30</tns:Time>
                    </tns:MakerDetails>
                    <tns:CheckerDetails>
                        <tns:ID>SYSTEMS</tns:ID>
                        <tns:Branch>225</tns:Branch>
                        <tns:IPAddress>1.1.1.0</tns:IPAddress>
                        <tns:Date>2017-09-09T00:00:00.000+05:30</tns:Date>
                        <tns:Time>14:53:34.000+05:30</tns:Time>
                    </tns:CheckerDetails>
                    <tns:ApproverDetails>
                        <tns:ID/>
                    </tns:ApproverDetails>
                    <tns:Statusflag>57</tns:Statusflag>
                    <tns:SysEntryFlag>N</tns:SysEntryFlag>
                    <tns:Reversalflag>N</tns:Reversalflag>
                    <tns:TrnReference>
                        <tns:CurrencyCode>${currency}</tns:CurrencyCode>
                        <tns:AccountNo>${accountNumber}</tns:AccountNo>
                    </tns:TrnReference>
                    <tns:ExternalSystemKey>SCBc511e588ab5b4d52af3557dd4fdff6fb</tns:ExternalSystemKey>
                    <tns:ApprvSeqno>20171790494496532</tns:ApprvSeqno>
                    <tns:PALProdInd>N</tns:PALProdInd>
                    <tns:BalanceDetails>
                        <tns:Ledger>99805844</tns:Ledger>
                        <tns:AvailableWithOutLimit>99803990.00</tns:AvailableWithOutLimit>
                        <tns:AvailableWithAccountLimit>99803990.00</tns:AvailableWithAccountLimit>
                        <tns:AvailableWithLimit>99803990.00</tns:AvailableWithLimit>
                        <tns:AvailableWithIntradayLimit>99803990.00</tns:AvailableWithIntradayLimit>
                        <tns:AvailableWithDAUELimit>99803990.00</tns:AvailableWithDAUELimit>
                        <tns:AvailableWithCODLimit>99803990.00</tns:AvailableWithCODLimit>
                        <tns:TotalUnclearedEffects>-179056.00</tns:TotalUnclearedEffects>
                    </tns:BalanceDetails>
                    <tns:TransactionLimit/>
                    <tns:RelDetails>
                        <tns:RelationshipNo>12N2220034841</tns:RelationshipNo>
                        <tns:RelContactDetails>
                            <tns:contact>
                                <tns:ContactTypeCode>MO1</tns:ContactTypeCode>
                                <tns:Contact>9841474756</tns:Contact>
                            </tns:contact>
                            <tns:contact>
                                <tns:ContactTypeCode>EMR</tns:ContactTypeCode>
                                <tns:Contact>Jun-Hean.Chin@sc.com</tns:Contact>
                            </tns:contact>
                        </tns:RelContactDetails>
                    </tns:RelDetails>
                    <tns:SwiftAddress>${bic}</tns:SwiftAddress>
                    <tns:CurrencyNo>16</tns:CurrencyNo>
                    <tns:LinkedAccounts/>
                    <tns:virtualaccountnumber>558964522</tns:virtualaccountnumber>
                    <tns:Paydtl/>
                </tns:TransactionEntry>
            </tns:TransactionDetails>
        </tns:notifyCorporateFinancialTransactionReq>
    </ns:notifyCorporateFinancialTransactionReqPayload>
</notifyCorporateFinancialTransactionRequest>